<?xml version="1.0" encoding="UTF-8"?>
<module rename-to='jsglrgwt'>

  <inherits name='com.google.gwt.user.User'/>
  <inherits name="com.google.gwt.http.HTTP"/>
  <inherits name="org.spoofax.termsGWT"/>

  <source path=''>
    <exclude name="**/io/**"/>
    <exclude name="**/jsglr/server/**"/>
	<exclude name="**/Main.java"/>
  </source>
  <source path='jsglr/client'/>
  <source path='jsglr/shared'/>
  <source path='client'/>
  <source path='jsglr/tests'/>
<!-- 
  <entry-point class='org.spoofax.client.JSGLREntryPoint'/>
 -->
</module>
